first_bucket,n,mean_years,ci_low,ci_high
B,136.0,5.856665458791319,5.455349708498038,6.2579812090846
LB,111.0,4.8409395021304675,4.254511892911891,5.427367111349044
VUS,81.0,4.9093720688518765,4.302541683159981,5.516202454543772
LP,194.0,5.195241220178242,4.7285520223652036,5.661930417991281
P,199.0,4.365977732605533,3.713146877611578,5.018808587599487
