first_bucket,n,mean_years,ci_low,ci_high
B,23.0,6.284200815403386,4.7210185250016155,7.847383105805156
LB,160.0,5.338774811772758,4.9352697191342765,5.74227990441124
VUS,27.0,4.503764544832307,3.583946661985227,5.423582427679387
LP,101.0,3.495449339595151,2.9029649652452383,4.0879337139450636
P,107.0,4.652478458615594,3.6885075310985016,5.616449386132686
