first_bucket,n,mean_years,ci_low,ci_high
B,25.0,5.511184120465435,4.342788069223291,6.679580171707579
LB,50.0,4.4931416837782345,3.8034951616779353,5.182788205878533
VUS,5.0,4.326351813826146,-2.140947007314568,10.793650634966859
LP,17.0,2.374038732536136,1.2469381643520079,3.501139300720264
P,17.0,7.11728469621935,3.9984123448432825,10.236157047595418
